ID	EMAIL	SCORE
TEST	TEST	73.1666666667
1	kotsinos	50.469047619
a	a	1.5
